,becton dickinson,microsoft,twitter,walt disney,netflix,baxter,goldman sachs,expedia,ford motor,starbucks,qualcomm,devon,blackrock,intercontinental exchange,pepsico,medtronic,pfizer,cadence design systems,mastercard,eli lilly,exxon mobil,kroger,dominion,synopsys,visa,oracle
E,,,0.0009106566775352648,0.004209927241879807,-0.006176499057249158,,,,,-0.002437774384242899,,-0.0020096029141492226,0.001436727875442781,-0.00011327993833483733,-0.006334582572944463,,,,,-0.006334582572944463,-0.0020096029141492226,,,,,
S,,-0.0020346598189858096,-0.0006794920685675774,0.0024383852530055787,-0.0016345739488409354,,,,-0.04394739820797038,-0.003550250368458538,0.006437563503454953,-0.0024630128937062736,-0.0003348141134314462,,-0.00810612456181869,,0.007674392468332701,0.007648820268737087,-0.002010694699965534,-0.00810612456181869,-0.0024630128937062736,-0.0033811891827046706,,0.007648820268737087,-0.002010694699965534,
G,,-0.0009663873558034761,0.00020582449628825524,,-0.004209731163626843,,-0.015946545861621787,0.004384660661095433,,0.0020738962880839473,0.005587310382668045,-0.00139474043052394,-0.0011850672342183554,-0.002735075047995974,,,,0.00871709273191942,-0.0009424222367832003,,-0.00139474043052394,-0.004231442303491579,,0.00871709273191942,-0.0009424222367832003,
T,0.0021454309355953146,-0.00024270279717085897,-0.0002708045018738914,0.0018384244518277737,0.0015088827948240157,0.0021454309355953146,-0.016813236347456992,0.004634952980704537,-0.04454735900914819,-0.007913013362971465,0.005837602702277149,-0.003378413721803452,-0.0009347749146092514,-0.0024847827283868695,-0.0023650288993443637,0.0021454309355953146,0.006758991640235522,0.006733419440639909,-0.002926095528062712,-0.008706085362996495,-0.003378413721803452,-0.003981149983882475,-0.005010766018768708,0.006733419440639909,-0.002926095528062712,-0.0004362489192739668
