{"add":{"path":"part-00000-4e89b057-a247-4e13-a7ac-2581e5f2e95b-c000.snappy.parquet","partitionValues":{},"size":71811,"modificationTime":1650652208000,"dataChange":true,"stats":"{\"numRecords\":152,\"minValues\":{\"company\":\"abbott laboratories\",\"n0_rec\":\"abbott laboratories\",\"n0_conf\":0.5044815540313721,\"n1_rec\":\"adobe\",\"n1_conf\":0.49132218956947327,\"n2_rec\":\"abbott laboratories\",\"n2_conf\":0.4605937898159027,\"n3_rec\":\"abbott laboratories\",\"n3_conf\":0.45082801580429077,\"n4_rec\":\"abbott laboratories\",\"n4_conf\":0.42494896054267883,\"n5_rec\":\"abbott laboratories\",\"n5_conf\":0.4004230797290802,\"n6_rec\":\"abbott laboratories\",\"n6_conf\":0.3746374845504761,\"n7_rec\":\"accenture\",\"n7_conf\":0.3703263998031616,\"n8_rec\":\"abbott laboratories\",\"n8_conf\":0.36325353384017944,\"n9_rec\":\"abbott laboratories\",\"n9_conf\":0.3454883098602295,\"n10_rec\":\"abbott laboratories\",\"n10_conf\":0.3174954354763031,\"n11_rec\":\"adobe\",\"n11_conf\":0.2935450077056885,\"n12_rec\":\"abbott laboratories\",\"n12_conf\":0.2887462079524994,\"n13_rec\":\"abbott laboratories\",\"n13_conf\":0.2781394124031067,\"n14_rec\":\"abbott laboratories\",\"n14_conf\":0.23063233494758606,\"n15_rec\":\"abbott laboratories\"},\"maxValues\":{\"company\":\"yum brands\",\"n0_rec\":\"yum brands\",\"n0_conf\":0.9998997449874878,\"n1_rec\":\"yum brands\",\"n1_conf\":0.999085009098053,\"n2_rec\":\"yum brands\",\"n2_conf\":0.9286609888076782,\"n3_rec\":\"yum brands\",\"n3_conf\":0.9021211266517639,\"n4_rec\":\"yum brands\",\"n4_conf\":0.8660187125205994,\"n5_rec\":\"yum brands\",\"n5_conf\":0.8534241318702698,\"n6_rec\":\"wells fargo\",\"n6_conf\":0.8498731851577759,\"n7_rec\":\"wells fargo\",\"n7_conf\":0.8480879068374634,\"n8_rec\":\"wells fargo\",\"n8_conf\":0.8430540561676025,\"n9_rec\":\"walt disney\",\"n9_conf\":0.8357754349708557,\"n10_rec\":\"wells fargo\",\"n10_conf\":0.8252912163734436,\"n11_rec\":\"walt disney\",\"n11_conf\":0.8117327690124512,\"n12_rec\":\"yum brands\",\"n12_conf\":0.8052985668182373,\"n13_rec\":\"yum brands\",\"n13_conf\":0.7807862758636475,\"n14_rec\":\"yum brands\",\"n14_conf\":0.7709667682647705,\"n15_rec\":\"yum brands\"},\"nullCount\":{\"company\":0,\"n0_rec\":0,\"n0_conf\":0,\"n1_rec\":0,\"n1_conf\":0,\"n2_rec\":0,\"n2_conf\":0,\"n3_rec\":0,\"n3_conf\":0,\"n4_rec\":0,\"n4_conf\":0,\"n5_rec\":0,\"n5_conf\":0,\"n6_rec\":0,\"n6_conf\":0,\"n7_rec\":0,\"n7_conf\":0,\"n8_rec\":0,\"n8_conf\":0,\"n9_rec\":0,\"n9_conf\":0,\"n10_rec\":0,\"n10_conf\":0,\"n11_rec\":0,\"n11_conf\":0,\"n12_rec\":0,\"n12_conf\":0,\"n13_rec\":0,\"n13_conf\":0,\"n14_rec\":0,\"n14_conf\":0,\"n15_rec\":0}}","tags":{"INSERTION_TIME":"1650652208000000","OPTIMIZE_TARGET_SIZE":"268435456"}}}
{"remove":{"path":"part-00000-e020c941-420b-49d6-84a0-b7c75595f03d-c000.snappy.parquet","deletionTimestamp":1650652207934,"dataChange":true,"extendedFileMetadata":true,"partitionValues":{},"size":71972,"tags":{"INSERTION_TIME":"1650615519000000","OPTIMIZE_TARGET_SIZE":"268435456"}}}
{"commitInfo":{"timestamp":1650652207936,"userId":"7438124811776200","userName":"tjdwltnsfP1@gmail.com","operation":"WRITE","operationParameters":{"mode":"Overwrite","partitionBy":"[]"},"notebook":{"notebookId":"91084097408536"},"clusterId":"0422-055806-p4kt660n","readVersion":0,"isolationLevel":"WriteSerializable","isBlindAppend":false,"operationMetrics":{"numFiles":"1","numOutputRows":"152","numOutputBytes":"71811"}}}
