,northern star resources ltd,ramsay health care ltd,national australia bank ltd,fortescue metals group ltd,qantas airways ltd,crown resorts ltd,suncorp group ltd,woodside petroleum ltd,newcrest mining ltd,scentre,santos ltd,cochlear ltd
E,0.0,,,0.0,,0.0,,0.0,0.0,,0.0,
S,0.0,0.0,-6.67701378920326e-05,,0.0,0.0,4.423977715524018e-05,,0.0,2.211988857762009e-05,0.0,
G,0.0,0.0,-6.67701378920326e-05,,0.0,0.0,4.423977715524018e-05,0.0,0.0,2.211988857762009e-05,0.0,
T,0.0,0.0,-6.67701378920326e-05,0.0,7.628683150407898e-05,0.0,4.423977715524018e-05,0.0,0.0,2.211988857762009e-05,0.0,-0.00011964987256955599
